Date,Month,Day,FB_campaign,FB_Ad_Impressions,FB_Ad_Clicks,Fb_Ad_CTR,FB_Ad_Conversions,FB_Ad_CPA,FB_Ad_CVR,FB_Ad_CPC,IG_Ad_campaign_Name,IG_Ad_Impressions,IG_Ad_Clicks,IG_Ad_CTR,IG_Ad_Conversions,IG_Ad_CVR,IG_Ad_CPA,IG_Ad_CPC
2/6/2025,Feb,Thu,FB_FEB,4174,309,0.07,62,82.1,0.1,33,IG_FEB,4582,63,0.01,0,0,161.31,136
2/6/2025,Feb,Thu,FB_FEB,4507,348,0.08,73,101.6,0.11,50,IG_FEB,4437,552,0.12,3,0.01,141.26,90
2/6/2025,Feb,Thu,FB_FEB,1860,84,0.05,1,92.1,0.01,51,IG_FEB,4454,195,0.04,5,0.03,52.89,44
2/4/2025,Feb,Tue,FB_FEB,2294,182,0.08,7,79.9,0.04,62,IG_FEB,2346,41,0.02,2,0.05,103.21,91
2/6/2025,Feb,Thu,FB_FEB,2130,111,0.05,2,72.1,0.01,36,IG_FEB,2122,41,0.02,0,0,177.99,140
2/6/2025,Feb,Thu,FB_FEB,2095,104,0.05,1,54.7,0.01,23,IG_FEB,2766,211,0.08,5,0.02,148.23,145
2/6/2025,Feb,Thu,FB_FEB,4772,72,0.02,1,195.7,0.02,83,IG_FEB,4089,332,0.08,15,0.05,106.74,76
2/6/2025,Feb,Thu,FB_FEB,4092,390,0.1,27,163.4,0.07,120,IG_FEB,4667,318,0.07,0,0,196.23,243
2/6/2025,Feb,Thu,FB_FEB,2638,212,0.08,8,127.9,0.04,135,IG_FEB,3154,144,0.05,7,0.05,68.22,84
2/10/2025,Feb,Mon,FB_FEB,3169,254,0.08,1,83.1,0.01,39,IG_FEB,2147,136,0.06,5,0.04,156.97,95
2/6/2025,Feb,Thu,FB_FEB,1466,71,0.05,1,63.8,0.01,28,IG_FEB,2593,319,0.12,4,0.01,167.27,122
2/12/2025,Feb,Wed,FB_FEB,2238,154,0.07,14,100,0.05,65,IG_FEB,4286,529,0.12,2,0,138.92,92
2/13/2025,Feb,Thu,FB_FEB,1330,57,0.04,1,80.7,0.01,64,IG_FEB,2761,292,0.11,8,0.03,105.6,67
2/13/2025,Feb,Thu,FB_FEB,2482,75,0.03,1,53,0.01,44,IG_FEB,1096,163,0.15,5,0.03,100.79,76
2/6/2025,Feb,Thu,FB_FEB,3135,246,0.08,11,183.8,0.05,85,IG_FEB,3161,210,0.07,3,0.01,190.4,168
2/6/2025,Feb,Thu,FB_FEB,4444,359,0.08,72,188.4,0.11,91,IG_FEB,3686,134,0.04,0,0,94.06,62
2/6/2025,Feb,Thu,FB_FEB,4171,183,0.04,5,176.6,0.03,88,IG_FEB,1047,82,0.08,1,0.01,163.73,140
2/7/2025,Feb,Fri,FB_FEB,3919,407,0.1,27,112.7,0.07,46,IG_FEB,1073,86,0.08,0,0,65.87,65
2/8/2025,Feb,Sat,FB_FEB,4735,552,0.12,52,152.2,0.09,169,IG_FEB,2568,170,0.07,7,0.04,71.86,71
2/6/2025,Feb,Thu,FB_FEB,1130,48,0.04,0,79.6,0.01,41,IG_FEB,1942,68,0.04,0,0,175.24,226
2/6/2025,Feb,Thu,FB_FEB,2685,300,0.11,14,161,0.05,79,IG_FEB,3272,54,0.02,0,0,145.65,233
2/11/2025,Feb,Tue,FB_FEB,4380,269,0.06,12,177,0.05,75,IG_FEB,1111,105,0.09,4,0.04,150.5,94
2/6/2025,Feb,Thu,FB_FEB,1769,174,0.1,5,162.4,0.03,191,IG_FEB,4481,211,0.05,7,0.03,196.25,210
2/6/2025,Feb,Thu,FB_FEB,3391,334,0.1,18,181.3,0.05,127,IG_FEB,2363,315,0.13,8,0.03,108.53,126
2/19/2025,Feb,Wed,FB_FEB,2515,213,0.08,7,152.4,0.03,103,IG_FEB,3894,357,0.09,5,0.01,94.81,75
2/6/2025,Feb,Thu,FB_FEB,4485,101,0.02,2,138.2,0.02,57,IG_FEB,4325,332,0.08,8,0.02,95.18,100
2/27/2025,Feb,Thu,FB_FEB,3853,489,0.13,36,164.7,0.07,74,IG_FEB,3468,117,0.03,1,0.01,131.13,291
2/28/2025,Feb,Fri,FB_FEB,3433,188,0.05,5,94.1,0.02,111,IG_FEB,3656,65,0.02,0,0,54.38,92
3/27/2025,Mar,Thu,FB_MAR,2215,79,0.04,1,169.2,0.01,147,IG_MAR,4280,136,0.03,2,0.01,130.91,117
3/27/2025,Mar,Thu,FB_MAR,1955,30,0.02,0,119.8,0,94,IG_MAR,2092,120,0.06,0,0,84.31,65
3/27/2025,Mar,Thu,FB_MAR,3324,308,0.09,16,181.5,0.05,279,IG_MAR,4889,350,0.07,16,0.05,133.54,84
3/27/2025,Mar,Thu,FB_MAR,2184,229,0.1,10,124.9,0.05,71,IG_MAR,2847,301,0.11,9,0.03,58.79,68
3/5/2025,Mar,Wed,FB_MAR,1459,17,0.01,0,184.8,0.01,221,IG_MAR,1451,56,0.04,0,0,156.24,199
3/6/2025,Mar,Thu,FB_MAR,4385,358,0.08,21,138.3,0.06,67,IG_MAR,3050,293,0.1,0,0,175.21,202
3/7/2025,Mar,Fri,FB_MAR,1021,42,0.04,0,103.6,0.01,53,IG_MAR,3388,472,0.14,15,0.03,70.91,123
3/6/2025,Mar,Thu,FB_MAR,3300,331,0.1,17,63.5,0.05,43,IG_MAR,1039,21,0.02,0,0,174.01,109
3/6/2025,Mar,Thu,FB_MAR,1747,60,0.03,1,153.6,0.01,145,IG_MAR,2346,182,0.08,0,0,85.24,58
3/10/2025,Mar,Mon,FB_MAR,3904,416,0.11,28,53.9,0.07,31,IG_MAR,3644,392,0.11,12,0.03,175.86,113
3/11/2025,Mar,Tue,FB_MAR,4632,297,0.06,15,101.2,0.05,59,IG_MAR,2583,55,0.02,0,0,112.14,128
3/12/2025,Mar,Wed,FB_MAR,1474,108,0.07,6,109.4,0.03,46,IG_MAR,3552,467,0.13,9,0.02,154.27,183
3/13/2025,Mar,Thu,FB_MAR,2082,60,0.03,1,176.3,0.01,148,IG_MAR,2981,210,0.07,4,0.02,58.09,70
3/14/2025,Mar,Fri,FB_MAR,3558,205,0.06,9,92.9,0.04,66,IG_MAR,4248,336,0.08,7,0.02,165.88,135
3/6/2025,Mar,Thu,FB_MAR,4753,123,0.03,2,76.4,0.02,33,IG_MAR,2159,171,0.08,13,0.08,85.29,65
3/6/2025,Mar,Thu,FB_MAR,3047,309,0.1,31,115.2,0.07,90,IG_MAR,2897,179,0.06,0,0,176.35,142
3/19/2025,Mar,Wed,FB_MAR,4547,603,0.13,63,193.8,0.1,103,IG_MAR,1099,152,0.14,7,0.05,164.04,234
3/18/2025,Mar,Tue,FB_MAR,3747,172,0.05,5,191.8,0.03,79,IG_MAR,3428,438,0.13,17,0.04,74.01,52
3/19/2025,Mar,Wed,FB_MAR,1975,202,0.1,7,154.7,0.03,87,IG_MAR,4932,501,0.1,11,0.02,64.56,51
3/20/2025,Mar,Thu,FB_MAR,2806,349,0.12,20,77.1,0.06,55,IG_MAR,4252,317,0.07,11,0.03,111.86,85
3/19/2025,Mar,Wed,FB_MAR,1189,104,0.09,2,136.4,0.02,71,IG_MAR,2382,212,0.09,9,0.04,177.03,348
3/19/2025,Mar,Wed,FB_MAR,4005,337,0.08,18,66.3,0.05,78,IG_MAR,4937,342,0.07,2,0.01,97.24,67
3/19/2025,Mar,Wed,FB_MAR,3734,163,0.04,4,71.6,0.03,44,IG_MAR,1213,61,0.05,0,0,66.58,45
3/24/2025,Mar,Mon,FB_MAR,4005,92,0.02,2,65.4,0.02,29,IG_MAR,4702,220,0.05,5,0.02,113.63,116
3/25/2025,Mar,Tue,FB_MAR,1562,124,0.08,9,80.8,0.04,70,IG_MAR,1862,198,0.11,0,0,132.94,262
3/26/2025,Mar,Wed,FB_MAR,2899,194,0.07,28,124.2,0.07,163,IG_MAR,2435,308,0.13,16,0.05,91.92,70
3/27/2025,Mar,Thu,FB_MAR,4638,394,0.1,40,84.5,0.09,44,IG_MAR,3338,310,0.09,12,0.04,177.72,220
3/27/2025,Mar,Thu,FB_MAR,2267,394,0.06,2,189.3,0.02,219,IG_MAR,3017,227,0.08,8,0.04,161.6,181
3/27/2025,Mar,Thu,FB_MAR,3879,228,0.06,10,96.3,0.04,75,IG_MAR,1588,165,0.1,7,0.04,127,110
3/3/2025,Mar,Mon,FB_MAR,2528,282,0.11,14,185,0.05,243,IG_MAR,2704,175,0.06,0,0,120.66,120
3/31/2025,Mar,Mon,FB_MAR,4202,269,0.06,60,134.3,0.11,60,IG_MAR,4971,538,0.11,14,0.03,199.94,136
4/1/2025,Apr,Tue,FB_APR,4556,611,0.13,60,97.1,0.1,57,IG_APR,1106,160,0.14,4,0.03,154.07,187
4/2/2025,Apr,Wed,FB_APR,4890,582,0.12,54,109.4,0.09,74,IG_APR,1837,41,0.02,0,0,92.07,153
4/3/2025,Apr,Thu,FB_APR,1646,164,0.1,54,134.3,0.02,133,IG_APR,3624,65,0.02,1,0.02,135.27,91
4/4/2025,Apr,Fri,FB_APR,3068,66,0.02,54,51.8,0,62,IG_APR,1843,170,0.09,7,0.04,184.95,135
4/3/2025,Apr,Thu,FB_APR,3888,126,0.03,2,193.8,0.02,112,IG_APR,2442,281,0.12,6,0.02,73.73,116
4/3/2025,Apr,Thu,FB_APR,3214,236,0.07,30,195.3,0.07,128,IG_APR,1826,148,0.08,0,0,171.19,233
4/7/2025,Apr,Mon,FB_APR,2297,217,0.09,8,60.9,0.04,24,IG_APR,2418,335,0.14,7,0.02,137.45,275
4/8/2025,Apr,Tue,FB_APR,3435,38,0.01,0,163.2,0.01,81,IG_APR,4862,255,0.05,11,0.04,62.67,40
4/9/2025,Apr,Wed,FB_APR,1600,38,0.02,1,134.1,0.02,121,IG_APR,2741,216,0.08,0,0,153.31,139
4/10/2025,Apr,Thu,FB_APR,3363,346,0.1,22,59.5,0.06,38,IG_APR,1146,168,0.15,0,0,58.59,107
4/10/2025,Apr,Thu,FB_APR,3061,32,0.01,0,187.1,0,187,IG_APR,3532,195,0.06,7,0.04,82.88,158
4/12/2025,Apr,Sat,FB_APR,1241,40,0.03,0,175.4,0,114,IG_APR,4343,158,0.04,5,0.03,50.52,80
4/13/2025,Apr,Sun,FB_APR,3041,264,0.09,12,146,0.05,109,IG_APR,4051,213,0.05,4,0.02,126.8,91
4/14/2025,Apr,Mon,FB_APR,3824,408,0.11,25,147.9,0.06,174,IG_APR,1411,82,0.06,2,0.02,57.43,39
4/15/2025,Apr,Tue,FB_APR,4417,447,0.1,38,93.7,0.08,73,IG_APR,2789,293,0.11,17,0.06,155.95,195
4/16/2025,Apr,Wed,FB_APR,3612,149,0.04,5,146.1,0.03,116,IG_APR,3206,56,0.02,1,0.02,77.4,52
4/17/2025,Apr,Thu,FB_APR,3945,432,0.11,30,103.3,0.07,122,IG_APR,4252,522,0.12,11,0.02,155.37,118
4/10/2025,Apr,Thu,FB_APR,2363,102,0.04,1,75,0.01,59,IG_APR,4654,439,0.09,9,0.02,176.45,134
4/10/2025,Apr,Thu,FB_APR,3139,174,0.06,6,193.1,0.04,94,IG_APR,2389,243,0.1,16,0.07,122.81,106
4/20/2025,Apr,Sun,FB_APR,2390,273,0.11,12,146.6,0.05,71,IG_APR,1371,157,0.11,6,0.04,75.33,72
4/21/2025,Apr,Mon,FB_APR,4003,404,0.1,30,111.3,0.07,106,IG_APR,4226,359,0.08,9,0.03,176.08,124
4/22/2025,Apr,Tue,FB_APR,2478,119,0.05,14,129.1,0.05,61,IG_APR,3768,95,0.03,4,0.04,128.84,104
4/23/2025,Apr,Wed,FB_APR,4499,459,0.1,34,61.4,0.07,56,IG_APR,1390,110,0.08,4,0.04,183.21,112
4/24/2025,Apr,Thu,FB_APR,3556,318,0.09,17,108.4,0.05,64,IG_APR,4854,165,0.03,9,0.05,128.01,219
4/24/2025,Apr,Thu,FB_APR,1775,41,0.02,0,193.5,0.01,146,IG_APR,1255,132,0.11,0,0,87.16,78
4/26/2025,Apr,Sat,FB_APR,1034,63,0.06,1,57.1,0.01,30,IG_APR,4316,363,0.08,8,0.02,50.53,66
4/27/2025,Apr,Sun,FB_APR,3253,153,0.05,4,74.6,0.03,30,IG_APR,1359,132,0.1,0,0,157.66,108
4/23/2025,Apr,Wed,FB_APR,4152,183,0.04,5,173.3,0.03,107,IG_APR,1950,105,0.05,4,0.04,169.3,376
4/29/2025,Apr,Tue,FB_APR,2955,432,0.15,31,114.3,0.07,114,IG_APR,2991,235,0.08,3,0.01,125.96,93
4/30/2025,Apr,Wed,FB_APR,2585,168,0.06,5,101.2,0.03,42,IG_APR,2153,268,0.12,4,0.01,97.1,79
2/1/2025,Feb,Thu,FB_MAY,4943,666,0.13,76,143,0.11,78,IG_MAY,1555,44,0.03,3,0.07,161.39,160
5/2/2025,May,Fri,FB_MAY,4459,438,0.1,34,71.3,0.08,85,IG_MAY,4258,114,0.03,2,0.02,60.94,47
2/3/2025,Feb,Sat,FB_MAY,4073,493,0.12,38,53.7,0.08,27,IG_MAY,2381,172,0.07,6,0.03,169.98,319
5/4/2025,May,Sun,FB_MAY,2021,162,0.08,3,180.2,0.02,283,IG_MAY,1695,26,0.02,1,0.04,72.25,170
5/5/2025,May,Mon,FB_MAY,4461,404,0.09,30,161.3,0.07,182,IG_MAY,3585,186,0.05,4,0.02,93.76,111
3/6/2025,Mar,Tue,FB_MAY,3613,285,0.08,14,144.2,0.05,199,IG_MAY,3482,234,0.07,6,0.03,195.79,130
2/7/2025,Feb,Wed,FB_MAY,2129,79,0.04,1,178.7,0.01,223,IG_MAY,3004,186,0.06,9,0.05,184.93,224
2/8/2025,Feb,Thu,FB_MAY,4843,538,0.11,53,53.9,0.1,58,IG_MAY,4896,281,0.06,13,0.05,143.45,106
5/9/2025,May,Fri,FB_MAY,4893,241,0.05,10,189.9,0.04,267,IG_MAY,2329,288,0.12,3,0.01,141.71,115
5/7/2025,May,Wed,FB_MAY,2500,33,0.01,0,149.6,0.01,73,IG_MAY,4852,407,0.08,12,0.03,85.74,76
5/11/2025,May,Sun,FB_MAY,1702,170,0.1,5,79.3,0.03,52,IG_MAY,1530,133,0.09,4,0.03,138.38,163
3/12/2025,Mar,Mon,FB_MAY,3449,120,0.03,4,64,0.03,29,IG_MAY,4537,119,0.03,5,0.04,153.83,100
5/13/2025,May,Tue,FB_MAY,3777,235,0.06,53,178.2,0.1,132,IG_MAY,2537,304,0.12,13,0.04,160.33,160
5/14/2025,May,Wed,FB_MAY,2579,370,0.14,22,59.5,0.06,50,IG_MAY,3099,219,0.07,11,0.05,152.39,135
4/15/2025,Apr,Thu,FB_MAY,1161,60,0.05,5,168.8,0.03,157,IG_MAY,1940,40,0.02,0,0,187.46,218
5/16/2025,May,Fri,FB_MAY,1201,74,0.06,1,116.9,0.02,78,IG_MAY,4957,175,0.04,6,0.03,165.38,115
3/15/2025,Mar,Thu,FB_MAY,2981,36,0.01,0,187.3,0.01,234,IG_MAY,4817,399,0.08,8,0.02,102.28,74
5/18/2025,May,Sun,FB_MAY,1995,279,0.14,12,163.1,0.04,161,IG_MAY,2328,179,0.08,9,0.05,93.96,60
4/19/2025,Apr,Mon,FB_MAY,3317,232,0.07,10,59.2,0.04,31,IG_MAY,4128,222,0.05,4,0.02,122.86,88
5/20/2025,May,Tue,FB_MAY,4934,717,0.15,90,88.7,0.13,45,IG_MAY,3011,72,0.02,0,0,194.51,128
6/21/2025,Jun,Wed,FB_MAY,1815,263,0.14,9,149.3,0.04,75,IG_MAY,2969,277,0.09,4,0.01,55.46,95
5/22/2025,May,Thu,FB_MAY,4342,561,0.13,49,184.2,0.09,234,IG_MAY,1342,60,0.04,0,0,118.56,83
5/23/2025,May,Fri,FB_MAY,1455,74,0.05,0,71.4,0,79,IG_MAY,3563,337,0.09,8,0.02,118.2,103
7/22/2025,Jul,Thu,FB_MAY,4533,289,0.06,14,168.3,0.05,87,IG_MAY,4139,218,0.05,15,0.07,167.39,386
5/25/2025,May,Sun,FB_MAY,4798,619,0.13,66,145.1,0.11,179,IG_MAY,1139,154,0.14,1,0.01,121.47,162
5/26/2025,May,Mon,FB_MAY,2275,123,0.05,3,100.9,0.03,74,IG_MAY,3709,339,0.09,14,0.04,101.43,164
5/27/2025,May,Tue,FB_MAY,2016,67,0.03,1,189.6,0.01,90,IG_MAY,3521,386,0.11,16,0.04,144.16,125
5/28/2025,May,Wed,FB_MAY,4773,419,0.09,33,188.5,0.08,105,IG_MAY,4687,495,0.11,9,0.02,140.06,208
5/29/2025,May,Thu,FB_MAY,3343,471,0.14,34,198.5,0.07,88,IG_MAY,2513,358,0.14,8,0.02,153.75,369
5/30/2025,May,Fri,FB_MAY,4796,515,0.11,40,163.3,0.08,116,IG_MAY,2378,327,0.14,11,0.03,164.82,271
5/31/2025,May,Sat,FB_MAY,3767,338,0.09,19,84,0.06,34,IG_MAY,1003,17,0.02,0,0,197.44,166
6/1/2025,Jun,Sun,FB_JUN,4820,113,0.02,2,101.7,0.02,55,IG_JUN,2931,185,0.06,1,0.01,62.15,57
6/2/2025,Jun,Mon,FB_JUN,1337,128,0.1,3,159,0.02,125,IG_JUN,4331,385,0.09,14,0.04,159.71,176
6/3/2025,Jun,Tue,FB_JUN,1878,279,0.15,10,155.3,0.04,126,IG_JUN,1755,50,0.03,2,0.04,171.41,229
6/4/2025,Jun,Wed,FB_JUN,2076,61,0.03,1,75.4,0.01,32,IG_JUN,4064,367,0.09,9,0.02,184.23,141
6/5/2025,Jun,Thu,FB_JUN,1791,147,0.08,3,79.1,0.02,42,IG_JUN,2246,123,0.05,6,0.05,68.84,165
6/6/2025,Jun,Fri,FB_JUN,4993,663,0.13,76,75.2,0.11,85,IG_JUN,1262,186,0.15,3,0.02,118.27,189
6/7/2025,Jun,Sat,FB_JUN,3264,371,0.11,24,164.7,0.06,121,IG_JUN,3313,300,0.09,15,0.05,114.69,85
6/8/2025,Jun,Sun,FB_JUN,1763,189,0.11,5,84,0.03,36,IG_JUN,2111,207,0.1,9,0.04,183.01,147
6/9/2025,Jun,Mon,FB_JUN,3235,350,0.11,20,105.1,0.06,73,IG_JUN,2038,134,0.07,0,0,165.18,145
6/10/2025,Jun,Tue,FB_JUN,1379,83,0.06,1,143.8,0.01,144,IG_JUN,3022,345,0.11,14,0.04,56.15,116
6/11/2025,Jun,Wed,FB_JUN,1492,76,0.05,1,85.4,0.01,126,IG_JUN,3515,232,0.07,0,0,181.44,165
6/12/2025,Jun,Thu,FB_JUN,4112,507,0.12,45,194,0.09,88,IG_JUN,3937,461,0.12,13,0.03,176.41,137
6/13/2025,Jun,Fri,FB_JUN,2180,269,0.12,11,117.8,0.04,135,IG_JUN,2222,327,0.15,14,0.04,57.54,63
6/11/2025,Jun,Wed,FB_JUN,3062,402,0.13,28,157.8,0.07,64,IG_JUN,3188,106,0.03,6,0.06,180.13,424
6/15/2025,Jun,Sun,FB_JUN,4884,673,0.14,74,98.6,0.11,53,IG_JUN,1438,109,0.08,5,0.05,144.61,164
6/16/2025,Jun,Mon,FB_JUN,1064,86,0.08,1,87.2,0.01,42,IG_JUN,3587,311,0.09,11,0.04,87.08,62
6/17/2025,Jun,Tue,FB_JUN,4928,395,0.08,26,189,0.07,84,IG_JUN,3854,273,0.07,16,0.06,127.99,213
6/18/2025,Jun,Wed,FB_JUN,4910,597,0.12,57,116.6,0.09,91,IG_JUN,4473,230,0.05,9,0.04,147.2,130
6/19/2025,Jun,Thu,FB_JUN,3568,360,0.1,21,155.9,0.06,64,IG_JUN,2902,188,0.06,8,0.04,153.28,160
6/20/2025,Jun,Fri,FB_JUN,2367,256,0.11,9,124.9,0.04,101,IG_JUN,4914,625,0.13,8,0.01,179.01,133
6/17/2025,Jun,Tue,FB_JUN,2152,261,0.12,14,126.2,0.05,73,IG_JUN,1867,188,0.1,15,0.08,169.62,251
6/22/2025,Jun,Sun,FB_JUN,3027,407,0.13,28,109.1,0.07,96,IG_JUN,4700,674,0.14,12,0.02,199.08,130
6/23/2025,Jun,Mon,FB_JUN,3695,211,0.06,7,70.3,0.03,88,IG_JUN,1099,84,0.08,3,0.04,137.25,154
6/24/2025,Jun,Tue,FB_JUN,2495,156,0.06,4,84.7,0.03,34,IG_JUN,3241,431,0.13,9,0.02,95.23,96
6/25/2025,Jun,Wed,FB_JUN,4134,95,0.02,1,62.6,0.02,72,IG_JUN,3863,467,0.12,0,0,93.69,65
6/26/2025,Jun,Thu,FB_JUN,2162,196,0.09,6,150.4,0.03,103,IG_JUN,3541,166,0.05,0,0,98.03,231
6/27/2025,Jun,Fri,FB_JUN,2522,37,0.01,0,194.7,0.01,208,IG_JUN,1016,118,0.12,2,0.02,166.31,192
6/28/2025,Jun,Sat,FB_JUN,3640,273,0.08,14,147.9,0.05,64,IG_JUN,2669,334,0.13,7,0.02,145.45,105
6/26/2025,Jun,Thu,FB_JUN,1391,119,0.09,2,86.9,0.02,42,IG_JUN,3408,202,0.06,0,0,157.85,113
6/30/2025,Jun,Mon,FB_JUN,2698,135,0.05,3,193.7,0.02,100,IG_JUN,2133,312,0.15,14,0.04,113.15,110
7/1/2025,Jul,Tue,FB_JUL,1418,131,0.09,3,124.8,0.02,103,IG_JUL,2110,220,0.1,15,0.07,96.37,120
7/2/2025,Jul,Wed,FB_JUL,3336,47,0.01,0,158.4,0,94,IG_JUL,1046,112,0.11,0,0,161.69,121
7/3/2025,Jul,Thu,FB_JUL,1378,20,0.01,0,133,0,70,IG_JUL,1271,94,0.07,3,0.03,142.93,220
7/4/2025,Jul,Fri,FB_JUL,2796,349,0.12,23,168.6,0.07,71,IG_JUL,4387,86,0.02,6,0.07,178.38,389
7/3/2025,Jul,Thu,FB_JUL,4561,275,0.06,15,192.4,0.05,115,IG_JUL,3344,500,0.15,19,0.04,123.44,101
7/6/2025,Jul,Sun,FB_JUL,3278,91,0.03,1,192.4,0.01,96,IG_JUL,4481,444,0.1,12,0.03,102.7,82
7/7/2025,Jul,Mon,FB_JUL,4065,337,0.08,20,136.8,0.06,137,IG_JUL,4373,85,0.02,2,0.02,99.82,95
7/8/2025,Jul,Tue,FB_JUL,3088,363,0.12,23,82.3,0.06,40,IG_JUL,4505,137,0.03,0,0,135.81,92
7/9/2025,Jul,Wed,FB_JUL,4099,164,0.04,7,152.5,0.04,188,IG_JUL,2792,355,0.13,15,0.04,89.57,58
7/10/2025,Jul,Thu,FB_JUL,3182,309,0.1,18,150.2,0.06,78,IG_JUL,2443,119,0.05,7,0.06,195.47,290
7/11/2025,Jul,Fri,FB_JUL,1200,26,0.02,0,81.4,0,43,IG_JUL,4997,427,0.09,23,0.05,83.77,57
7/10/2025,Jul,Thu,FB_JUL,2863,49,0.02,0,191.4,0,128,IG_JUL,4457,94,0.02,0,0,109.49,100
7/13/2025,Jul,Sun,FB_JUL,1779,150,0.08,3,102.6,0.02,130,IG_JUL,1979,176,0.09,15,0.09,137.87,113
7/14/2025,Jul,Mon,FB_JUL,3977,340,0.09,20,75.1,0.06,42,IG_JUL,1836,111,0.06,8,0.07,197.31,140
7/15/2025,Jul,Tue,FB_JUL,4104,407,0.1,26,95.7,0.06,46,IG_JUL,3974,216,0.05,5,0.02,108.82,75
7/16/2025,Jul,Wed,FB_JUL,4119,459,0.11,32,121.1,0.07,70,IG_JUL,4975,504,0.1,13,0.03,134.48,82
7/17/2025,Jul,Thu,FB_JUL,1502,220,0.15,7,151.8,0.03,68,IG_JUL,4933,294,0.06,4,0.01,126.82,160
7/18/2025,Jul,Fri,FB_JUL,3454,284,0.08,12,181.8,0.04,80,IG_JUL,2510,276,0.11,15,0.05,52.65,32
7/19/2025,Jul,Sat,FB_JUL,4645,256,0.06,13,99,0.05,87,IG_JUL,3108,304,0.1,12,0.04,50.08,63
7/20/2025,Jul,Sun,FB_JUL,2751,333,0.12,20,175,0.06,77,IG_JUL,1321,192,0.15,11,0.06,120.72,75
7/21/2025,Jul,Mon,FB_JUL,1804,86,0.05,1,95,0.01,54,IG_JUL,4956,244,0.05,1,0,69.87,56
7/22/2025,Jul,Tue,FB_JUL,3146,224,0.07,10,82.3,0.04,67,IG_JUL,1766,78,0.04,3,0.04,145.41,203
7/23/2025,Jul,Wed,FB_JUL,3731,78,0.02,1,65.9,0.01,29,IG_JUL,2996,62,0.02,4,0.06,146.91,148
7/24/2025,Jul,Thu,FB_JUL,2895,39,0.01,0,170.7,0,111,IG_JUL,1323,178,0.13,0,0,60.18,52
7/25/2025,Jul,Fri,FB_JUL,3773,546,0.14,54,59.4,0.1,42,IG_JUL,4884,72,0.01,0,0,83.92,100
7/24/2025,Jul,Thu,FB_JUL,2570,326,0.13,19,95.2,0.06,136,IG_JUL,1819,143,0.08,0,0,196.8,149
7/24/2025,Jul,Thu,FB_JUL,1960,210,0.11,6,62.4,0.03,32,IG_JUL,4719,47,0.01,0,0,71.9,166
7/25/2025,Jul,Fri,FB_JUL,4810,323,0.07,17,138,0.05,95,IG_JUL,1998,268,0.13,6,0.02,184.75,163
7/26/2025,Jul,Sat,FB_JUL,3660,125,0.03,2,189.6,0.02,98,IG_JUL,1088,62,0.06,0,0,187.67,116
7/30/2025,Jul,Wed,FB_JUL,2485,79,0.03,0,126.4,0.01,53,IG_JUL,2990,293,0.1,10,0.03,127.58,116
7/31/2025,Jul,Thu,FB_JUL,3690,166,0.04,5,136.6,0.03,116,IG_JUL,4213,237,0.06,7,0.03,180.24,110
8/7/2025,Aug,Thu,FB_AUG,4840,420,0.09,34,102.9,0.08,68,IG_AUG,1412,189,0.13,11,0.06,188.3,124
8/7/2025,Aug,Thu,FB_AUG,2028,223,0.11,7,87.9,0.03,95,IG_AUG,2388,267,0.11,9,0.03,151.32,330
8/7/2025,Aug,Thu,FB_AUG,4289,439,0.1,33,59.9,0.08,34,IG_AUG,2343,54,0.02,3,0.06,183.33,156
8/7/2025,Aug,Thu,FB_AUG,1502,73,0.05,1,89.2,0.01,42,IG_AUG,1340,145,0.11,1,0.01,196.76,311
8/5/2025,Aug,Tue,FB_AUG,3814,547,0.14,49,60.9,0.09,68,IG_AUG,4703,626,0.13,8,0.01,82.39,63
8/6/2025,Aug,Wed,FB_AUG,1397,158,0.11,4,152,0.02,83,IG_AUG,3544,303,0.09,15,0.05,160.83,138
8/7/2025,Aug,Thu,FB_AUG,1870,163,0.09,4,154.3,0.02,220,IG_AUG,3528,517,0.15,16,0.03,172.96,138
8/7/2025,Aug,Thu,FB_AUG,3842,367,0.1,23,165.7,0.06,83,IG_AUG,2401,181,0.08,0,0,80.58,58
8/6/2025,Aug,Wed,FB_AUG,1392,95,0.07,1,190.1,0.01,183,IG_AUG,1424,22,0.02,0,0,84,58
8/7/2025,Aug,Thu,FB_AUG,1206,53,0.04,1,147.5,0.01,236,IG_AUG,4544,372,0.08,15,0.04,181.99,175
8/7/2025,Aug,Thu,FB_AUG,2038,121,0.06,2,76.9,0.02,88,IG_AUG,3932,326,0.08,13,0.04,91.34,61
8/12/2025,Aug,Tue,FB_AUG,2881,334,0.12,18,124,0.05,140,IG_AUG,3810,347,0.09,18,0.05,126.77,97
8/13/2025,Aug,Wed,FB_AUG,4625,55,0.01,0,160.4,0,67,IG_AUG,4007,509,0.13,14,0.03,101.51,116
8/14/2025,Aug,Thu,FB_AUG,3939,103,0.03,1,170.6,0.01,74,IG_AUG,3106,183,0.06,7,0.04,144.76,167
8/15/2025,Aug,Fri,FB_AUG,2484,40,0.02,0,76.6,0.01,34,IG_AUG,4565,628,0.14,8,0.01,160.56,128
8/16/2025,Aug,Sat,FB_AUG,4762,74,0.02,1,152.4,0.01,230,IG_AUG,1077,71,0.07,2,0.03,93.52,61
8/17/2025,Aug,Sun,FB_AUG,4646,602,0.13,58,166.8,0.1,257,IG_AUG,3056,197,0.06,0,0,164.95,353
8/18/2025,Aug,Mon,FB_AUG,1863,202,0.11,7,145.8,0.03,61,IG_AUG,4278,283,0.07,14,0.05,80.45,115
8/19/2025,Aug,Tue,FB_AUG,3790,289,0.08,15,70.4,0.05,51,IG_AUG,1390,34,0.02,0,0,106.14,196
8/21/2025,Aug,Thu,FB_AUG,4312,102,0.02,1,58.4,0.01,26,IG_AUG,4137,311,0.08,3,0.01,131.66,272
8/21/2025,Aug,Thu,FB_AUG,1563,123,0.08,3,95.9,0.02,70,IG_AUG,2246,226,0.1,11,0.05,161.12,134
8/21/2025,Aug,Thu,FB_AUG,2020,154,0.08,3,64.8,0.02,36,IG_AUG,2222,114,0.05,0,0,181.66,245
8/21/2025,Aug,Thu,FB_AUG,1095,37,0.03,0,194.1,0.01,171,IG_AUG,1552,209,0.13,6,0.03,166.34,391
8/21/2025,Aug,Thu,FB_AUG,2923,206,0.07,6,54.2,0.03,24,IG_AUG,4959,381,0.08,12,0.03,151.86,148
8/21/2025,Aug,Thu,FB_AUG,2757,181,0.07,4,159.7,0.02,79,IG_AUG,2994,148,0.05,0,0,122.96,176
8/26/2025,Aug,Tue,FB_AUG,3532,339,0.1,16,188.4,0.05,301,IG_AUG,4148,284,0.07,15,0.05,135.58,106
8/27/2025,Aug,Wed,FB_AUG,4478,442,0.1,33,169.9,0.07,72,IG_AUG,1460,99,0.07,6,0.06,86.62,125
8/28/2025,Aug,Thu,FB_AUG,3278,53,0.02,1,145.8,0.01,152,IG_AUG,4737,558,0.12,14,0.03,144.67,238
8/29/2025,Aug,Fri,FB_AUG,3796,237,0.06,8,109.8,0.04,48,IG_AUG,2514,284,0.11,0,0,158.47,140
8/27/2025,Aug,Wed,FB_AUG,2678,261,0.1,12,153.9,0.05,64,IG_AUG,1635,124,0.08,4,0.03,178.22,243
8/28/2025,Aug,Thu,FB_AUG,4242,341,0.08,17,124.6,0.05,53,IG_AUG,2521,202,0.08,1,0,109.51,87
9/1/2025,Sep,Mon,FB_SEP,1540,200,0.13,7,180.2,0.03,86,IG_SEP,1135,144,0.13,1,0.01,141.35,139
9/4/2025,Sep,Thu,FB_SEP,2059,210,0.1,6,117.8,0.03,137,IG_SEP,3829,424,0.11,15,0.04,100.84,237
9/3/2025,Sep,Wed,FB_SEP,3572,117,0.03,2,96.6,0.02,100,IG_SEP,2452,199,0.08,13,0.07,160.94,379
9/4/2025,Sep,Thu,FB_SEP,2183,43,0.02,0,66.4,0.01,34,IG_SEP,1763,201,0.11,4,0.02,182.82,271
9/5/2025,Sep,Fri,FB_SEP,4910,490,0.1,38,157,0.08,170,IG_SEP,4329,245,0.06,6,0.02,177.28,236
9/6/2025,Sep,Sat,FB_SEP,2722,37,0.01,0,181.2,0,179,IG_SEP,2783,238,0.09,0,0,195.72,122
9/11/2025,Sep,Thu,FB_SEP,4314,396,0.09,28,155.3,0.07,91,IG_SEP,4753,433,0.09,12,0.03,90.82,66
9/8/2025,Sep,Mon,FB_SEP,4157,588,0.14,56,98.6,0.1,45,IG_SEP,2230,44,0.02,2,0.05,62.55,39
9/9/2025,Sep,Tue,FB_SEP,2819,255,0.09,12,143.2,0.05,71,IG_SEP,4512,474,0.11,14,0.03,151.87,260
9/10/2025,Sep,Wed,FB_SEP,3625,233,0.06,8,139.2,0.03,117,IG_SEP,3519,390,0.11,0,0,180.16,123
9/11/2025,Sep,Thu,FB_SEP,3729,373,0.1,24,153.3,0.07,62,IG_SEP,1575,137,0.09,10,0.07,81.64,62
9/11/2025,Sep,Thu,FB_SEP,3604,267,0.07,14,147.6,0.05,76,IG_SEP,1481,119,0.08,1,0.01,153.67,297
9/11/2025,Sep,Thu,FB_SEP,2597,224,0.09,6,77.6,0.03,46,IG_SEP,3563,76,0.02,0,0,98.16,123
9/11/2025,Sep,Thu,FB_SEP,4060,575,0.14,53,172.9,0.09,92,IG_SEP,1017,92,0.09,2,0.02,141.68,139
9/15/2025,Sep,Mon,FB_SEP,3693,236,0.06,10,95.8,0.04,80,IG_SEP,2112,207,0.1,8,0.04,187.03,192
9/18/2025,Sep,Thu,FB_SEP,1795,259,0.14,11,196,0.04,103,IG_SEP,1750,161,0.09,12,0.07,105.82,112
9/17/2025,Sep,Wed,FB_SEP,2051,280,0.14,14,184.4,0.05,208,IG_SEP,4287,476,0.11,13,0.03,74.25,107
9/18/2025,Sep,Thu,FB_SEP,2643,98,0.04,1,187.7,0.01,79,IG_SEP,1197,26,0.02,2,0.08,112.58,76
9/18/2025,Sep,Thu,FB_SEP,4627,91,0.02,1,73,0.02,53,IG_SEP,3657,538,0.15,8,0.01,91.51,65
9/18/2025,Sep,Thu,FB_SEP,2363,56,0.02,0,164,0.01,222,IG_SEP,3610,97,0.03,3,0.03,68.7,135
9/18/2025,Sep,Thu,FB_SEP,4869,61,0.01,1,66.3,0.02,28,IG_SEP,4429,113,0.03,6,0.05,76.99,92
9/18/2025,Sep,Thu,FB_SEP,2981,69,0.02,1,162.9,0.01,126,IG_SEP,2154,174,0.08,0,0,53.21,33
9/23/2025,Sep,Tue,FB_SEP,2354,248,0.11,11,139.4,0.04,63,IG_SEP,3706,267,0.07,7,0.03,90.88,135
9/24/2025,Sep,Wed,FB_SEP,2663,53,0.02,0,173,0.01,106,IG_SEP,2838,100,0.04,2,0.02,127.16,79
9/25/2025,Sep,Thu,FB_SEP,2529,138,0.05,3,69.2,0.02,70,IG_SEP,1557,107,0.07,6,0.06,89.96,97
9/26/2025,Sep,Fri,FB_SEP,3038,389,0.13,24,171.2,0.06,105,IG_SEP,1931,254,0.13,1,0,152.5,123
9/25/2025,Sep,Thu,FB_SEP,4419,58,0.01,1,138.4,0.01,94,IG_SEP,2554,295,0.12,8,0.03,61.56,53
9/25/2025,Sep,Thu,FB_SEP,2496,309,0.12,15,92,0.05,55,IG_SEP,3523,102,0.03,5,0.05,82.72,109
9/25/2025,Sep,Thu,FB_SEP,4302,212,0.05,8,132.5,0.04,75,IG_SEP,1686,59,0.03,1,0.02,87.45,69
9/30/2025,Sep,Tue,FB_SEP,3237,85,0.03,2,190.9,0.02,128,IG_SEP,3551,309,0.09,9,0.03,176.13,190
10/1/2025,Oct,Wed,FB_OCT,4296,462,0.11,38,198.3,0.08,83,IG_OCT,1073,95,0.09,7,0.07,90.16,72
10/2/2025,Oct,Thu,FB_OCT,2408,236,0.1,9,117.9,0.04,62,IG_OCT,4025,283,0.07,0,0,172.34,209
10/2/2025,Oct,Thu,FB_OCT,2400,318,0.13,19,150.8,0.06,68,IG_OCT,3622,219,0.06,0,0,104.7,76
10/2/2025,Oct,Thu,FB_OCT,2306,260,0.11,11,98.2,0.04,44,IG_OCT,2731,225,0.08,10,0.04,160.52,178
10/2/2025,Oct,Thu,FB_OCT,3680,450,0.12,29,137.7,0.07,197,IG_OCT,2675,180,0.07,11,0.06,138.42,169
10/16/2025,Oct,Thu,FB_OCT,3675,181,0.05,5,198.5,0.03,221,IG_OCT,2434,34,0.01,0,0,100.99,136
10/7/2025,Oct,Tue,FB_OCT,1972,68,0.03,0,180.7,0,78,IG_OCT,3140,55,0.02,0,0,153.29,95
10/8/2025,Oct,Wed,FB_OCT,2768,318,0.11,16,103.3,0.05,100,IG_OCT,3507,92,0.03,2,0.02,156.3,131
10/9/2025,Oct,Thu,FB_OCT,2282,280,0.12,13,102.9,0.05,121,IG_OCT,4978,487,0.1,15,0.03,154.92,142
10/16/2025,Oct,Thu,FB_OCT,4430,658,0.15,78,185.8,0.12,95,IG_OCT,3947,276,0.07,5,0.02,73.25,53
10/15/2025,Oct,Wed,FB_OCT,1709,115,0.07,2,66.8,0.02,29,IG_OCT,3605,101,0.03,5,0.05,101.07,66
10/15/2025,Oct,Wed,FB_OCT,2479,153,0.06,4,185.7,0.02,138,IG_OCT,3682,228,0.06,4,0.02,65.93,107
10/13/2025,Oct,Mon,FB_OCT,2434,288,0.12,15,108.9,0.05,124,IG_OCT,1442,170,0.12,0,0,172.9,132
10/16/2025,Oct,Thu,FB_OCT,1648,95,0.06,0,77.8,0,32,IG_OCT,4259,485,0.11,14,0.03,143.84,92
10/15/2025,Oct,Wed,FB_OCT,1317,184,0.14,6,58.1,0.03,73,IG_OCT,1407,27,0.02,1,0.04,58.72,66
10/16/2025,Oct,Thu,FB_OCT,4748,618,0.13,66,97.8,0.11,47,IG_OCT,1281,139,0.11,4,0.03,94.15,93
10/16/2025,Oct,Thu,FB_OCT,4296,300,0.07,13,103.7,0.04,67,IG_OCT,3843,210,0.05,5,0.02,50.65,60
10/15/2025,Oct,Wed,FB_OCT,4890,562,0.11,56,50.5,0.1,64,IG_OCT,1441,212,0.15,10,0.05,142.07,158
10/16/2025,Oct,Thu,FB_OCT,2257,260,0.12,12,92.1,0.05,86,IG_OCT,1622,51,0.03,0,0,139.89,114
10/16/2025,Oct,Thu,FB_OCT,1683,41,0.02,0,142.3,0,63,IG_OCT,4579,176,0.04,11,0.06,130.3,155
10/21/2025,Oct,Tue,FB_OCT,1663,226,0.14,9,125.6,0.04,68,IG_OCT,1259,97,0.08,0,0,192.47,398
10/22/2025,Oct,Wed,FB_OCT,2998,242,0.08,13,131.1,0.05,81,IG_OCT,2635,202,0.08,2,0.01,183.22,131
10/23/2025,Oct,Thu,FB_OCT,4898,615,0.13,64,57.6,0.1,52,IG_OCT,3766,73,0.02,3,0.04,52.24,67
10/23/2025,Oct,Thu,FB_OCT,4445,243,0.05,10,166.5,0.04,88,IG_OCT,2365,197,0.08,14,0.07,95.69,74
10/30/2025,Oct,Thu,FB_OCT,4743,642,0.14,68,102.5,0.11,63,IG_OCT,4003,501,0.13,14,0.03,133.09,250
10/30/2025,Oct,Thu,FB_OCT,2631,169,0.06,4,185.3,0.02,198,IG_OCT,4574,316,0.07,19,0.06,116.16,191
10/27/2025,Oct,Mon,FB_OCT,2495,28,0.01,0,184.9,0.01,97,IG_OCT,3480,317,0.09,17,0.05,65.63,101
10/28/2025,Oct,Tue,FB_OCT,4304,588,0.14,55,170.7,0.09,106,IG_OCT,2336,269,0.12,0,0,108.94,135
10/29/2025,Oct,Wed,FB_OCT,4763,108,0.02,2,124,0.02,109,IG_OCT,4031,263,0.07,7,0.03,155.17,316
10/30/2025,Oct,Thu,FB_OCT,2136,116,0.05,2,125.1,0.02,139,IG_OCT,1855,139,0.07,0,0,93.45,69
10/30/2025,Oct,Thu,FB_OCT,2853,408,0.14,29,71.6,0.07,80,IG_OCT,1612,194,0.12,12,0.06,131.19,104
